@typeberry/jam@0.1.2,2025-09-29T14:34:51.218Z,1000,75449088198,75449088,43488999,32793659,748098746,715305087,108805324.03314632,11838598537957968,36084030,36991286,38194778,41693998,43488999,45526935,54362436,430348341,451314165
@typeberry/jam@0.1.2,2025-09-29T22:20:59.975Z,1000,74873050511,74873050,43738019,31571910,516129414,484557504,105698257.5897011,11172121657498808,36078907,37070509,38022124,41778177,43738019,45666270,54801274,429010730,433578690
@typeberry/jam@0.1.2,2025-09-30T06:26:40.241Z,1000,76055451529,76055451,43523711,31749208,749473863,717724655,112641189.91106099,12688037664579708,36043981,36980873,38190741,41737825,43523711,45243590,53138873,429812497,476178669
@typeberry/jam@0.1.3,2025-09-30T14:36:21.391Z,1000,76187758679,76187758,43715834,32307215,766218531,733911316,111660844.89927739,12468144283620482,36052886,36993572,38222257,41785836,43715834,45684037,54001799,429407267,456819814
@typeberry/jam@0.1.3,2025-09-30T18:54:59.857Z,1000,76135616652,76135616,43835479,32954859,752405514,719450655,110328908.73760182,12172468103230070,36354517,37242924,38462303,42006872,43835479,46431178,53919737,430728810,464444673
@typeberry/jam@0.1.3,2025-09-30T22:28:46.747Z,1000,75348077482,75348077,43585366,32136337,683177065,651040728,109216083.31497625,11928152854663834,36010465,36932345,38224302,41680246,43585366,45313956,53058023,429632668,438188176
@typeberry/jam@0.1.3,2025-10-01T10:29:39.377Z,1000,77783829442,77783829,43723364,32377738,757315808,724938070,112938484.23623863,12755101221579120,36101879,37046910,38276541,41876329,43723364,45873760,78134388,430060817,481124409
@typeberry/jam@0.1.3,2025-10-01T18:18:22.008Z,1000,76008679972,76008679,43583996,32329276,757018826,724689550,111305484.64736122,12388910912583964,36237410,37073921,38253028,41865531,43583996,45611863,54653201,430174810,436274153
@typeberry/jam@0.1.3,2025-10-02T06:15:47.629Z,1000,75827395066,75827395,43452724,32258934,752369331,720110397,108756958.26382145,11828075970798600,36140239,37067079,38076527,41769677,43452724,45456351,54806796,428950838,434896479
@typeberry/jam@0.1.3,2025-10-02T12:32:04.260Z,1000,77744867328,77744867,43417643,31638469,726449183,694810714,113232906.57511769,12821691131449330,35797513,36929507,38401010,41556232,43417643,45695376,66180687,432316892,468670576
@typeberry/jam@0.1.3,2025-10-02T18:21:25.796Z,1000,75730030653,75730030,43436988,31416470,691780326,660363856,110022034.47978568,12104848071071148,35550494,36932115,38332838,41629005,43436988,45370480,54056338,429491262,467891078
@typeberry/jam@0.1.3,2025-10-03T06:31:41.299Z,1000,78393568260,78393568,43743833,34829688,686975513,652145825,108627714.94871801,11799980454979936,36182192,37174062,38480764,41842440,43743833,46915321,115497299,429433096,439594823
@typeberry/jam@0.1.3,2025-10-03T14:31:37.898Z,1000,77092194917,77092194,43790694,34795983,761202863,726406880,110708684.47149979,12256412817410098,35936708,37045261,38164356,41803802,43790694,46539953,55567257,430116715,462346290
@typeberry/jam@0.1.3,2025-10-03T22:24:24.462Z,1000,77246499899,77246499,43525606,35092614,710650026,675557412,110396012.55160376,12187279587293856,36069625,37257768,38460456,41781723,43525606,45486700,91827150,429639044,453166223
@typeberry/jam@0.1.3,2025-10-04T10:19:03.447Z,1000,76151553919,76151553,43578208,32370500,747517010,715146510,110477697.31817023,12205321604725240,36071656,37109045,38659449,41751109,43578208,45443530,53330696,429847997,458504813
@typeberry/jam@0.1.3,2025-10-04T18:23:55.244Z,1000,76699658269,76699658,43630197,34968677,753897459,718928782,110392233.79640216,12186445282559514,36083263,37108472,38593150,41880318,43630197,45532407,58456459,429487371,435831988
@typeberry/jam@0.1.3,2025-10-05T06:23:08.971Z,1000,77065778514,77065778,43456738,31765918,753819085,722053167,113033006.97224467,12776460665187510,35795687,37142785,38660748,41706945,43456738,45724198,53984063,429884230,500781812
@typeberry/jam@0.1.3,2025-10-05T14:24:17.372Z,1000,77328496641,77328496,43743431,35181015,749024016,713843001,111142399.60140279,12352632989157900,36180221,37182813,38547132,41760508,43743431,46434807,55818619,432695922,462886380
@typeberry/jam@0.1.3,2025-10-05T22:12:18.626Z,1000,76391258860,76391258,43580715,31745092,764588368,732843276,113315455.99035752,12840392566302650,36114531,37187907,38611430,41840585,43580715,45569882,53687172,432742162,442192908
@typeberry/jam@0.1.3,2025-10-06T07:14:37.187Z,1000,75055258656,75055258,43505982,32127939,717499119,685371180,108554657.88041416,11784113747533764,35990034,36902474,38100602,41828983,43505982,45203887,52130157,430614633,435461418
@typeberry/jam@0.1.3,2025-10-06T14:33:43.584Z,1000,75531303311,75531303,43452809,31826257,716490392,684664135,109777032.2338352,12050996806068494,36256067,37201118,38427131,41753248,43452809,45403711,52984999,430001537,439144439
@typeberry/jam@0.1.3,2025-10-06T22:12:47.336Z,1000,76532191649,76532191,43626236,32694659,702359472,669664813,113600268.1690855,12905020928088140,36023683,37040161,38346041,41801452,43626236,45868589,52888311,430562807,512791078
@typeberry/jam@0.1.3,2025-10-07T10:23:01.391Z,1000,76296670609,76296670,43609806,32792859,768499505,735706646,113894803.74183942,12972026319392120,35985688,36947771,37842102,41623637,43609806,45316714,53789843,429191502,464347643
@typeberry/jam@0.1.3,2025-10-07T14:54:04.505Z,1000,75677978738,75677978,43554713,31692522,741698821,710006299,111589489.71703812,12452214215308958,36138444,37201686,37977085,41668208,43554713,45203042,52274721,430049967,438762716
@typeberry/jam@0.1.3,2025-10-07T22:34:44.591Z,1000,74996362825,74996362,43451383,32904603,611830694,578926091,108237900.83748364,11715443177704944,35939811,36872459,38137670,41711292,43451383,45092196,52956286,429879018,440715106
@typeberry/jam@0.1.3,2025-10-08T10:29:20.580Z,1000,75069512609,75069512,43568748,32131663,659380926,627249263,107768464.6633578,11614041975897396,36066855,37046737,38212932,41770086,43568748,45666487,53433645,430211308,437013232
@typeberry/jam@0.1.3,2025-10-08T18:38:37.272Z,1000,74525648501,74525648,43563727,33660018,544193295,510533277,106213866.36101547,11281385407355652,36049399,36957840,37745811,41756282,43563727,45162836,53292823,429554293,434300396
@typeberry/jam@0.1.3,2025-10-09T06:33:18.205Z,1000,76032038698,76032038,43455340,32291716,765423264,733131548,112327145.00800322,12617387505648982,36018701,37143818,38041375,41716238,43455340,45272129,53335332,429926000,462337238
@typeberry/jam@0.1.3,2025-10-09T12:24:31.928Z,1000,75403877515,75403877,43760671,32800227,749845212,717044985,110000860.17100559,12100189238361124,35867284,36953139,37884084,41748760,43760671,45254804,52113916,429616783,437049391
@typeberry/jam@0.1.3,2025-10-09T18:32:03.305Z,1000,75908172563,75908172,43879999,32090180,790846011,758755831,111165109.9508889,12357681670393220,36140179,36968568,38263707,41909855,43879999,45647697,53225574,429809083,436477414
@typeberry/jam@0.1.3,2025-10-09T22:58:18.398Z,1000,79847347850,79847347,43816529,34082545,648638815,614556270,109622441.94123259,12017079777158912,36125824,37373046,38723616,41939285,43816529,47726372,117135560,429990182,486469370
@typeberry/jam@0.1.3,2025-10-10T10:23:18.608Z,1000,78127693502,78127693,43843481,34575231,747697876,713122645,113094335.11355743,12790328634777628,36111938,37099524,38486569,41928865,43843481,46005608,92143783,430750785,462610002
@typeberry/jam@0.1.3,2025-10-10T14:24:07.318Z,1000,78892938565,78892938,43894418,32666670,967369384,934702714,112895174.68760556,12745320467744976,36234680,37213914,38688370,41899549,43894418,46633898,115900724,429648909,461089716
@typeberry/jam@0.1.3,2025-10-10T22:27:38.452Z,1000,78891920284,78891920,43808087,32417484,740454384,708036900,111515395.54344572,12435683443211154,36060842,37041172,38577067,41959983,43808087,46752289,116157032,429191269,491666298
@typeberry/jam@0.1.3,2025-10-11T10:29:56.363Z,1000,79357430215,79357430,43810510,32282061,756845151,724563090,112593607.79993725,12677320517406090,36144002,37184959,38366363,41968511,43810510,47570015,113873354,430284238,491483731
@typeberry/jam@0.1.3,2025-10-11T14:42:21.296Z,1000,81755825063,81755825,43968758,34315364,761475091,727159727,116363398.0143264,13540440397440538,35995679,37068598,38445762,41944160,43968758,47806094,120845613,430569100,524353353
@typeberry/jam@0.1.3,2025-10-11T22:26:20.109Z,1000,80268903043,80268903,43960548,33564464,1326726569,1293162105,117802627.00416489,13877458929082400,36079786,37330016,38529567,42019816,43960548,46669768,116513895,429976766,501408709
@typeberry/jam@0.1.3,2025-10-12T10:31:12.175Z,1000,80114417724,80114417,43896377,34768067,751552971,716784904,110995280.95682527,12319952394684580,36141152,36916026,38502253,41898393,43896377,46696965,117259161,428990123,462150728
@typeberry/jam@0.1.3,2025-10-12T18:21:56.247Z,1000,79210018657,79210018,43681108,31325141,747543348,716218207,111253859.45561902,12377421243770630,35990086,37124620,38711797,41845218,43681108,47699262,115676573,430271639,464107249
@typeberry/jam@0.1.3,2025-10-13T06:29:00.131Z,1000,74840480962,74840480,43047850,32612816,1173959775,1141346959,111189001.90152934,12362994143858296,35767982,36612789,37483109,41324215,43047850,44844670,52181486,429838594,435021277
@typeberry/jam@0.2.0,2025-10-13T10:45:09.234Z,1000,1004633113,1004633,761054,506888,40320941,39814053,1943841.8131993834,3778520994742.267,552179,592394,614236,666297,761054,897665,1042558,1195817,5278119
@typeberry/jam@0.2.0,2025-10-13T14:18:34.860Z,1000,43443724383,43443724,42754801,34379029,174545421,140166392,7829125.188373965,61295201215231.67,35338908,36423201,38074156,41056172,42754801,44118053,48565038,50707111,61248998
@typeberry/jam@0.2.0,2025-10-13T18:28:10.052Z,1000,44813591143,44813591,42654649,32181442,180362836,148181394,12546925.942399707,157425350604062.78,35392609,36360946,38024218,40957552,42654649,44434192,50618471,52658224,117173709
@typeberry/jam@0.2.0,2025-10-14T06:17:01.263Z,1000,46816808995,46816808,42579243,34195739,196025181,161829442,17604063.30562543,309903044868467.8,35247544,36355675,38434250,41014872,42579243,44551675,51301731,95342372,123795211
@typeberry/jam@0.2.0,2025-10-14T14:17:09.652Z,1000,46223063314,46223063,43058905,34773538,315065334,280291796,17304548.33856311,299447393201667.3,35546856,36642404,38201550,41269703,43058905,44877426,51512569,55486368,132951639
@typeberry/jam@0.2.0,2025-10-14T22:28:16.532Z,1000,45854138746,45854138,42802419,33187479,218114451,184926972,15158568.208128856,229782190120494.88,35276538,36762927,38205459,41229449,42802419,44399339,49927464,54729543,118922454
@typeberry/jam@0.2.0,2025-10-21T11:04:17.312Z,1000,42848344256,42848344,42632154,34878313,139654254,104775941,5616292.4828205425,31542741252586.535,35411158,36571585,38099537,41098264,42632154,43839318,45749621,49588903,54684967
@typeberry/jam@0.2.0,2025-10-21T18:14:03.076Z,1000,43050746049,43050746,42606436,33771658,146216921,112445263,5737286.944936398,32916461488537.637,35442269,36561120,38476196,41033249,42606436,43986170,47382153,50223899,53621064
@typeberry/jam@0.2.0,2025-10-22T06:22:45.690Z,1000,43087386468,43087386,42618378,30435128,141586777,111151649,6325332.016381109,40009825117455.91,35168586,36378476,37904938,41072487,42618378,44053759,47403595,50461232,54615674
@typeberry/jam@0.2.0,2025-10-22T14:14:35.898Z,1000,42625403763,42625403,42364527,32604152,163590365,130986213,6423044.8312688535,41255504904489.53,34533415,35687253,37548673,40590479,42364527,43676863,46831743,49761316,53260284
@typeberry/jam@0.2.0,2025-10-22T22:14:25.083Z,1000,42503733471,42503733,42081873,32623715,192990790,160367075,6349965.374478632,40322060257077.55,34975322,36035020,37428308,40599943,42081873,43599421,46035538,50459464,53450534
@typeberry/jam@0.2.0,2025-10-23T10:13:05.993Z,1000,42993191624,42993191,42726770,34821650,118448282,83626632,5300538.81638667,28095711744021.8,35260460,36367062,38117703,41228261,42726770,44006800,46609353,49779507,53560434
@typeberry/jam@0.2.0,2025-10-23T18:24:03.181Z,1000,42735728177,42735728,42297685,31696662,162710213,131013551,7275344.402881146,52930636180534.03,34981964,36084192,37426089,40653836,42297685,43647819,45947786,49705182,54279965
@typeberry/jam@0.2.0,2025-10-24T06:25:20.270Z,1000,42862950910,42862950,42054587,32968286,201766771,168798485,8722896.611406907,76088925293294.1,34974610,35886292,37743864,40584264,42054587,43592499,46152940,49961206,64430813
@typeberry/jam@0.2.0,2025-10-24T14:28:20.340Z,1000,43249121157,43249121,42095515,32197041,173207441,141010400,11273909.597691976,127101037616931.23,34922962,35948164,37656393,40505321,42095515,43563501,45497156,49873131,116342808
@typeberry/jam@0.2.0,2025-10-24T22:24:53.556Z,1000,43849415293,43849415,42631431,34614391,202934409,168320018,10563013.583783997,111577255971205.25,35373562,36371019,37820071,41031009,42631431,44030385,48546005,51164269,101332152
@typeberry/jam@0.2.0,2025-10-25T10:14:21.037Z,1000,43742168513,43742168,42881068,34383659,200783941,166400282,8896538.696179986,79148400772627.89,35451855,36650060,38580086,41083895,42881068,44252890,48378565,52872517,56521364
@typeberry/jam@0.2.0,2025-10-25T18:31:47.397Z,1000,45128551866,45128551,42256002,32570574,192337808,159767234,14897819.275387313,221945019162101.75,34872922,35896669,37608774,40716504,42256002,43594883,49277073,52437871,119210653
@typeberry/jam@0.2.0,2025-10-26T06:19:24.595Z,1000,48106884216,48106884,42705955,31183118,548449906,517266788,24606006.79014655,605455570156738,35106231,36342758,37501893,41046117,42705955,44185183,51548453,110398596,123757995
@typeberry/jam@0.2.0,2025-10-26T14:26:41.846Z,1000,47601582114,47601582,42942633,30968808,227972416,197003608,19401541.450190775,376419810643470.75,35519802,36457931,37704578,41142874,42942633,44684983,50925963,105566429,124362438
@typeberry/jam@0.2.0,2025-10-26T22:11:24.849Z,1000,43955044953,43955044,42105820,34075233,200514283,166439050,12406318.808568863,153916746379849.53,35009381,36125687,37302375,40780559,42105820,43597311,46943071,50124225,118529306
@typeberry/jam@0.2.0,2025-10-27T10:26:44.211Z,1000,42286725479,42286725,42224773,30669412,69173720,38504308,3616991.3209890667,13082626216110.232,34905604,36014545,37421563,40619464,42224773,43559000,45932749,49489069,52194744
@typeberry/jam@0.2.0,2025-10-27T18:28:58.111Z,1000,42467492234,42467492,42174489,32941059,217949172,185008113,6910099.2628809195,47749471822867.42,35014425,36015753,37600709,40535268,42174489,43481482,46418434,49681692,53988491
@typeberry/jam@0.2.0,2025-10-28T06:17:25.915Z,1000,42634154287,42634154,42213832,34322156,152114849,117792693,6490662.759736045,42128703060624.336,35146665,36314796,37529554,40789051,42213832,43636773,45974319,49571743,53562040
@typeberry/jam@0.2.0,2025-10-28T14:18:48.328Z,1000,42578807914,42578807,42200502,31614590,169785381,138170791,6787075.111996812,46064388575886.53,35029244,35964709,37320880,40417319,42200502,43505305,45882326,49741739,55572360
@typeberry/jam@0.2.0,2025-10-28T22:28:34.845Z,1000,43016117947,43016117,42700336,34157213,118369127,84211914,4890312.577494383,23915157105599.754,35430455,36555832,38204468,41028604,42700336,44078399,47562563,50377016,53187389
@typeberry/jam@0.2.0,2025-10-29T10:18:32.244Z,1000,42941255430,42941255,42548481,34868720,178734981,143866261,6647937.936514642,44195078807750.555,35532360,36411659,37740956,41108724,42548481,43896875,46416092,49205606,53615101
@typeberry/jam@0.2.0,2025-10-29T18:17:53.674Z,1000,42688891442,42688891,42178341,32588349,143042022,110453673,6727236.656665724,45255713034787.03,34966525,36129655,37357045,40589893,42178341,43474530,46711371,50407765,54317200
@typeberry/jam@0.2.0,2025-10-30T06:14:33.029Z,1000,43362707600,43362707,42207377,34093214,195509734,161416520,10675621.163131174,113968887218694.2,35183717,36131511,37842784,40641623,42207377,43659194,47158299,49829796,75540907
@typeberry/jam@0.2.0,2025-10-30T14:33:55.314Z,1000,44186051221,44186051,42931789,34534195,194945092,160410897,9766445.572743084,95383459125352.98,35447515,36806236,38302361,41221218,42931789,44454947,50247643,52609148,88106052
@typeberry/jam@0.2.0,2025-10-30T22:20:39.084Z,1000,43829117933,43829117,42771294,34334554,149579275,115244721,9828337.326551724,96596214604489.89,35262356,36239023,38162287,41055047,42771294,44280057,47271052,50551464,110204615
@typeberry/jam@0.2.0,2025-10-31T10:23:41.334Z,1000,45121304001,45121304,42719036,34609477,133276033,98666556,12481071.144756706,155777136920478.47,35239293,36087531,38141462,41121560,42719036,44433120,50457066,54670337,116222088
@typeberry/jam@0.2.0,2025-10-31T18:36:35.845Z,1000,43517305189,43517305,42592481,30789323,161397334,130608011,8397266.092492132,70514077828118.06,35707992,36697519,38136063,40982591,42592481,44093555,48044305,51150842,72178303
@typeberry/jam@0.2.0,2025-11-01T06:16:15.871Z,1000,48796961291,48796961,42472080,34071974,176427890,142355916,21656205.821929947,468991250601792.44,34915761,35998762,37441396,40695720,42472080,44203090,54037583,114091377,128653558
@typeberry/jam@0.2.0,2025-11-01T14:50:50.591Z,1000,42732119289,42732119,42203605,34363083,189989439,155626356,7157503.799185479,51229860635354.57,34891527,36101354,37294380,40647708,42203605,43617306,46648721,51048073,54032863
@typeberry/jam@0.2.0,2025-11-01T22:34:27.699Z,1000,44533376683,44533376,42365266,34403637,171610049,137206412,13515650.608748162,182672811377754.56,35086848,35937104,37962998,40718793,42365266,43756590,48267084,51122078,119175962
@typeberry/jam@0.2.0,2025-11-02T10:28:24.965Z,1000,49647657541,49647657,42915853,33271251,227552034,194280783,22274344.239149574,496146411284135.75,35386648,36412049,38003030,41065660,42915853,44793129,56755121,114006761,126859343
@typeberry/jam@0.2.0,2025-11-02T19:07:50.949Z,1000,43420037303,43420037,42239597,31468011,306804422,275336411,12493737.344871271,156093472842631.06,34797888,35978982,37566979,40607467,42239597,43739211,47116841,49568856,104559302
@typeberry/jam@0.2.0,2025-11-03T06:46:25.299Z,1000,42333367247,42333367,42175496,34310589,67533597,33223008,3692192.3406730844,13632284280524.988,35053183,36068186,37508132,40638779,42175496,43627178,46542380,49644469,52974287
@typeberry/jam@0.2.0,2025-11-03T14:51:36.656Z,1000,42301382746,42301382,41955608,34413661,102364884,67951223,4158748.5491745453,17295189495261.385,35007952,35995818,37698657,40563605,41955608,43463278,45529860,50154375,53635246
@typeberry/jam@0.2.0,2025-11-03T22:06:53.218Z,1000,42491823143,42491823,42396823,32438005,93191563,60753558,3830610.1460901066,14673574091328.469,35379977,36363465,37892237,40931239,42396823,43876372,45873541,48474785,52441893
@typeberry/jam@0.2.0,2025-11-04T06:20:59.139Z,1000,42705359685,42705359,42425471,31596691,213804816,182208125,7287524.22263704,53108009295521.586,34993358,35959509,37634661,40693380,42425471,43766499,46398975,50064885,52814053
@typeberry/jam@0.2.0,2025-11-04T14:36:19.420Z,1000,60180670661,60180670,59027240,39827966,361304747,321476781,16628693.513860313,276513447977900.06,47418584,49302321,52999947,56737988,59027240,62227679,64281189,66311021,71626674
@typeberry/jam@0.2.0,2025-11-04T23:21:38.475Z,1000,65398114312,65398114,58568131,44299802,1520909103,1476609301,93569865.05374385,8755319646175836,46544558,48897758,51887729,56219412,58568131,61906124,64805460,67531422,73921086
@typeberry/jam@0.2.0,2025-11-05T07:02:02.775Z,1000,60039085552,60039085,58331350,37955588,421759121,383803533,19080751.894070048,364075092843057.75,46878500,48684683,51696677,56173048,58331350,61945929,64377837,67594451,73405437
@typeberry/jam@0.2.0,2025-11-05T15:03:17.897Z,1000,60534419336,60534419,59164116,43241172,350928862,307687690,18157348.922776505,329689319903453.06,47309593,49272736,51924900,56765218,59164116,62433938,64713656,67093111,73064574
@typeberry/jam@0.2.0,2025-11-05T22:23:10.073Z,1000,60255483272,60255483,58391748,41168842,385865751,344696909,21380295.630110707,457117041230931.06,46441234,48538584,51025543,56161717,58391748,61905841,64158073,67904356,74393548
@typeberry/jam@0.2.0,2025-11-06T11:11:42.353Z,1000,60615654528,60615654,59020446,44818190,347529267,302711077,19032661.621740725,362242208407682.3,46561045,48825059,51677587,56567198,59020446,62221434,64620252,66685402,92329497
@typeberry/jam@0.2.0,2025-11-06T18:28:12.119Z,1000,69114800939,69114800,58612471,45641219,2172834118,2127192899,80582535.55774556,6493545036915328,47355011,49127145,52420928,56359400,58612471,62007349,64846098,70250793,338262535
@typeberry/jam@0.2.0,2025-11-07T06:43:04.680Z,1000,61801264023,61801264,59283806,43518851,347782456,304263605,24500687.810196448,600283703172708.9,47096926,49459782,52200211,56693275,59283806,62440644,64898328,68138891,182117140
@typeberry/jam@0.2.0,2025-11-07T14:32:54.063Z,1000,61569554149,61569554,58453417,44291357,359113810,314822453,26551650.25641393,704990131338925.9,46275245,48493849,51735871,56284401,58453417,61947244,64469448,68666961,174117138
@typeberry/jam@0.2.0,2025-11-07T22:57:33.158Z,1000,58993279625,58993279,58424091,44016854,241051796,197034942,9147394.90596905,83674833565748.53,46438566,48506037,51175105,56118686,58424091,61728544,64169219,66816046,72583580
@typeberry/jam@0.2.0,2025-11-08T11:17:56.550Z,1000,59488795386,59488795,58150535,39389295,349189968,309800673,17154170.291504323,294265558389929.5,46889775,48594335,51481669,55902308,58150535,61661577,63890460,66410673,74357694
@typeberry/jam@0.2.0,2025-11-08T18:58:38.965Z,1000,61497953625,61497953,58407303,37329214,350701974,313372760,27835219.983301096,774799471518764.6,46723091,48397443,51573253,56155089,58407303,61607126,63849290,66952245,248261973
@typeberry/jam@0.2.0,2025-11-09T06:22:40.638Z,1000,61348975645,61348975,58970023,42842969,374321112,331478143,23801178.382348306,566496092388364.4,47128378,49052661,52212841,56632095,58970023,62238587,64763725,67360332,100402371
@typeberry/jam@0.2.0,2025-11-09T14:43:32.898Z,1000,72996334204,72996334,58828548,43099299,2083972040,2040872741,84333218.82911532,7112091798079451,46354445,48310618,51190469,56076584,58828548,62046354,66536314,154044427,339083994
@typeberry/jam@0.2.0,2025-11-09T22:37:39.805Z,1000,86907021897,86907021,59222521,37732788,448382711,410649923,81385543.06659606,6623606620244763,46505187,48591208,52136000,56187986,59222521,63277041,250113191,331869353,345566760
@typeberry/jam@0.2.0,2025-11-10T11:20:31.207Z,1000,59238095572,59238095,58833761,39932231,267264137,227331906,9026265.311085897,81473465466112.58,47214847,48842838,51473057,56498938,58833761,62062770,64375741,66700008,72365004
@typeberry/jam@0.2.0,2025-11-10T18:34:33.501Z,1000,58925459727,58925459,58232325,39347191,280939510,241592319,9615181.917142538,92451723299744.86,46916037,49011243,51168948,56262461,58232325,61772712,64021230,66053538,71036836
@typeberry/jam@0.3.0,2025-11-10T22:41:33.611Z,1000,16353988648,16353988,15641551,12793925,35053841,22259916,1967064.6515173034,3869343343248.89,13885174,14320977,14514942,14881094,15641551,17712121,18758390,19893181,22083424
@typeberry/jam@0.3.1,2025-11-11T11:28:22.076Z,1000,16300216626,16300216,15534764,13518065,37966496,24448431,2076260.8622879987,4310859168268.904,14009769,14372521,14530524,14888348,15534764,17594732,18471165,19587074,23475309
@typeberry/jam@0.3.1,2025-11-11T15:14:25.339Z,1000,16406263340,16406263,15642616,13415900,35776302,22360402,2107914.505051399,4443303560606.084,14150862,14364266,14501636,14855938,15642616,17672855,18865397,20311516,23024672
@typeberry/jam@0.4.0,2025-11-11T19:23:07.638Z,1000,16542405716,16542405,15842695,13444737,37249607,23804870,2142126.9534250475,4588707884590.076,14136430,14446073,14599633,14978231,15842695,17825331,18876033,20622520,23605603
@typeberry/jam@0.4.0,2025-11-12T06:12:00.500Z,1000,16235771094,16235771,15567326,13653232,37704315,24051083,1932785.9616935384,3735661573719.616,14169083,14352860,14476903,14785676,15567326,17530215,18530604,19389118,22524344
@typeberry/jam@0.4.0,2025-11-12T11:07:33.883Z,1000,16351328929,16351328,15574203,13171445,37420274,24248829,2197520.676028323,4829097121571.977,13911431,14277067,14454486,14798341,15574203,17702686,18872861,20271754,24204438
@typeberry/jam@0.4.0,2025-11-12T14:34:52.553Z,1000,16380557872,16380557,15645230,13541375,35938627,22397252,2040680.6854581698,4164377660002.026,13923761,14286457,14525447,14903417,15645230,17724288,18751603,19927480,23070836
@typeberry/jam@0.5.1,2026-01-05T14:17:03.053Z,1000,13052062846,13052062,12153390,9776206,32063510,22287304,2441737.483166357,5962081936699.576,10361525,10660995,10831666,11272290,12153390,15032492,16223223,17050518,20210265
@typeberry/jam@0.5.1,2026-01-05T22:26:58.170Z,1000,13093057961,13093057,12121918,10093973,29136063,19042090,2520974.792904154,6355313906458.143,10431826,10645410,10813466,11255390,12121918,15231636,16248077,17138663,19855342
@typeberry/jam@0.5.1,2026-01-10T14:13:05.250Z,1000,13592825952,13592825,12680749,9611086,32514432,22903346,2616748.7924962747,6847374243030.712,10486088,10854658,11053630,11572630,12680749,15734623,16812166,17598121,20634910
@typeberry/jam@0.5.1,2026-01-10T22:10:35.812Z,1000,13175715777,13175715,12129664,10303786,31364362,21060576,2733863.523749513,7474009766488.105,10489331,10717019,10900847,11305445,12129664,15261659,16682428,17836064,22950556
@typeberry/jam@0.5.2,2026-01-14T18:17:32.027Z,1000,11038238813,11038238,10134188,9041683,42848628,33806945,2403543.8042036337,5777022818725.675,9180402,9274696,9360842,9545587,10134188,11553712,14692308,15855601,17675061
@typeberry/jam@0.5.2,2026-01-15T06:08:04.293Z,1000,11283385955,11283385,10187197,8899191,30852463,21953272,2650355.3043194683,7024383239134.341,9192043,9294467,9369731,9548393,10187197,11788230,15748251,16893113,20219182
@typeberry/jam@0.5.2,2026-01-15T14:17:00.477Z,1000,11164007025,11164007,10264788,9081682,31239737,22158055,2405577.8967027683,5786805017104.915,9148575,9280386,9351415,9539103,10264788,11763521,14548939,16048291,19699276
@typeberry/jam@0.5.2,2026-01-15T22:13:10.984Z,1000,11144889129,11144889,10124864,9025840,31314355,22288515,2356468.5873807566,5552944203312.259,9146411,9261587,9348962,9512401,10124864,11888400,15068738,15933006,17620927
@typeberry/jam@0.5.2,2026-01-16T10:17:03.705Z,1000,11347045292,11347045,10181386,8978513,36031654,27053141,2713061.147352686,7360700789274.674,9184215,9272452,9344977,9528483,10181386,12079521,15729302,16413890,17931885
@typeberry/jam@0.5.2,2026-01-20T14:18:31.006Z,1000,11302899734,11302899,10168406,8989942,32089794,23099852,2636562.7962265983,6951463378446.22,9188648,9288166,9376353,9549434,10168406,11752496,15829596,16744960,19349140
@typeberry/jam@0.5.2,2026-01-20T22:06:57.276Z,1000,11280024940,11280024,10387560,9023531,34986387,25962856,2515856.4711774937,6329533783565.672,9169108,9308685,9380723,9576428,10387560,11843485,15505503,16269055,18464923
@typeberry/jam@0.5.3,2026-01-23T11:38:32.967Z,1000,5854684427,5854684,5184634,4239369,23497527,19258158,1684477.791107604,2837465428734.753,4431773,4609739,4681123,4839974,5184634,6435572,7996955,8521787,11527611
@typeberry/jam@0.5.3,2026-01-23T18:14:45.593Z,1000,5949367248,5949367,5214911,4220399,31653217,27432818,1888412.226931989,3566100738826.234,4394659,4545984,4615092,4777512,5214911,6584810,8262174,8934022,13195613
@typeberry/jam@0.5.3,2026-01-24T06:11:23.966Z,1000,5864523453,5864523,5159986,4171977,30458529,26286552,1926082.9389872444,3709795487857.741,4409946,4537577,4617181,4770786,5159986,6648197,7838383,8427422,11013262
@typeberry/jam@0.5.3,2026-01-24T14:09:01.831Z,1000,5816771650,5816771,5125428,4307298,24254116,19946818,1651140.5140566202,2726264997159.16,4445287,4557280,4630400,4760128,5125428,6545857,7992753,8495078,10386327
@typeberry/jam@0.5.3,2026-01-24T22:08:19.842Z,1000,5819825977,5819825,5240350,4289012,34553825,30264813,1675332.1487729128,2806737808712.065,4523043,4676966,4766439,4909180,5240350,6325240,7734714,8408765,10139281
@typeberry/jam@0.5.3,2026-01-25T10:15:54.034Z,1000,5776934432,5776934,5114562,4265395,21029823,16764428,1565363.8426847684,2450363959984.824,4407657,4538212,4606196,4756625,5114562,6491027,7685682,8386743,10235348
@typeberry/jam@0.5.3,2026-01-25T17:11:54.737Z,1000,5998078170,5998078,5236366,4332743,23120908,18788165,1741862.2762864267,3034084189549.732,4437485,4587847,4650364,4802771,5236366,7029297,8175312,8947437,11332891
@typeberry/jam@0.5.3,2026-01-25T22:12:07.548Z,1000,5855517742,5855517,5179683,4269699,23231829,18962130,1711084.6666101897,2927810736308.504,4461315,4640835,4733117,4870811,5179683,6307633,7890790,8454241,12169229
@typeberry/jam@0.5.3,2026-01-26T10:18:09.127Z,1000,5903946964,5903946,5312117,4389113,25965308,21576195,1579053.7278563476,2493410675457.028,4511033,4710685,4785023,4946848,5312117,6565496,7632191,8375028,10328136
@typeberry/jam@0.5.3,2026-01-26T14:18:53.901Z,1000,5899453658,5899453,5222697,4218951,24102554,19883603,1678051.2054793208,2815855848210.602,4408976,4577646,4649171,4799606,5222697,6650839,8050779,8666448,10429503
@typeberry/jam@0.5.3,2026-01-26T22:06:37.962Z,1000,5858237745,5858237,5182627,4315202,21864675,17549473,1607938.0810339933,2585464872439.281,4458997,4630333,4707854,4862281,5182627,6519244,7853241,8505640,10802916
@typeberry/jam@0.5.3,2026-01-27T10:14:00.286Z,1000,5809046458,5809046,5156160,4208668,21717611,17508943,1617131.552477194,2615114458017.3,4363324,4549801,4614328,4790985,5156160,6460164,7786134,8558683,10729474
@typeberry/jam@0.5.3,2026-01-28T10:29:03.396Z,1000,6288614702,6288614,5688305,4517371,24686225,20168854,1813431.2006166647,3288532719369.998,4601956,4712869,4777994,4960422,5688305,7371135,8371924,9055643,11359715
@typeberry/jam@0.5.3,2026-01-28T10:50:13.160Z,1000,5871396013,5871396,5195994,4288086,21419469,17131383,1595583.7025573691,2545887351866.683,4428746,4558192,4637850,4778233,5195994,6650632,7977144,8626746,10785421
@typeberry/jam@0.5.3,2026-01-28T14:18:35.989Z,1000,5937905126,5937905,5292792,4334539,24023310,19688771,1608035.0394850387,2585776688211.65,4471016,4661614,4761432,4906629,5292792,6697724,7834072,8578001,10593850
@typeberry/jam@0.5.3,2026-01-28T22:08:58.016Z,1000,5894660323,5894660,5223518,4277618,24995048,20717430,1653127.4938332236,2732830510867.315,4398611,4569457,4643549,4797593,5223518,6529815,8010036,8699476,10778151
@typeberry/jam@0.5.3,2026-01-29T10:19:03.567Z,1000,5821260060,5821260,5183584,4285446,24821722,20536276,1565256.1424482237,2450026791471.894,4438921,4574831,4628859,4788113,5183584,6536252,7780948,8591251,10307828
@typeberry/jam@0.5.3,2026-01-29T18:20:49.346Z,1000,5794219032,5794219,5151036,4200121,20232987,16032866,1531500.1453605422,2345492695239.362,4354418,4506209,4606302,4754515,5151036,6459851,7952681,8479284,10063003
@typeberry/jam@0.5.3,2026-01-30T06:21:37.730Z,1000,6513515981,6513515,5912345,4331112,30428949,26097837,2336812.9997377642,5460694995743.409,4482123,4570479,4626977,4823995,5912345,7601009,8786138,9584047,12543513
@typeberry/jam@0.5.4,2026-01-30T14:25:16.950Z,1000,5855323915,5855323,5192951,4298166,24669370,20371204,1602185.4816267607,2566998317535.575,4461503,4600039,4657925,4788749,5192951,6527547,8021384,8550316,9791552
@typeberry/jam@0.5.4,2026-01-30T22:10:44.236Z,1000,5935124342,5935124,5230138,4256303,26681258,22424955,1825487.6906445653,3332405308694.828,4368265,4537203,4638484,4818726,5230138,6605743,8137106,8980884,12017638
@typeberry/jam@0.5.4,2026-01-31T09:48:03.252Z,1000,6400338035,6400338,6114411,4322108,20717273,16395165,1804047.5506753488,3254587565097.725,4478648,4637006,4713915,4904110,6114411,7461747,8613732,9264884,11295075
@typeberry/jam@0.5.4,2026-01-31T14:13:14.435Z,1000,6002350534,6002350,5390748,4451159,22361109,17909950,1542385.227346383,2378952189536.354,4550609,4752178,4814911,4985611,5390748,6838528,7973451,8666039,9925395
@typeberry/jam@0.5.4,2026-01-31T22:12:54.775Z,1000,5891025120,5891025,5208741,4244837,20919189,16674352,1586041.3622135988,2515527202652.368,4464130,4658576,4740717,4897140,5208741,6628106,8068475,8565717,10301469
@typeberry/jam@0.5.4,2026-02-01T10:11:08.167Z,1000,9650725118,9650725,8561703,4612388,41716618,37104230,4572700.201643529,20909587134110.777,4770617,5253580,5750777,7182543,8561703,10332369,14760707,17946296,28772102
@typeberry/jam@0.5.4,2026-02-01T18:17:18.996Z,1000,6090479174,6090479,5361101,4335263,19808117,15472854,1730894.4803839384,2995995702223.584,4481298,4602738,4665298,4842526,5361101,6939947,8339829,9280419,11668866
@typeberry/jam@0.5.4,2026-02-03T12:27:58.589Z,1000,5948835128,5948835,5297257,4234203,26866916,22632713,1736572.295604161,3015683337859.906,4404224,4561974,4634105,4825538,5297257,6761805,8039803,8698615,10604016
@typeberry/jam@0.5.4,2026-02-03T12:48:09.344Z,1000,5935450185,5935450,5281888,4215916,20986569,16770653,1565539.4597444911,2450913800017.073,4438305,4607769,4688202,4838549,5281888,6781298,7949177,8588663,9784956
@typeberry/jam@0.5.6,2026-02-07T09:33:01.713Z,1000,6009445352,6009445,5560364,4194768,22622711,18427943,1653824.5831592316,2735135751861.806,4399997,4622318,4736913,4997618,5560364,6547465,7702160,8568873,10687880
@typeberry/jam@0.5.6,2026-02-07T09:49:15.497Z,1000,6131422404,6131422,5733721,4414473,21775953,17361480,1534726.823759478,2355386423566.856,4595040,4812616,4932850,5191569,5733721,6620806,7679302,8570435,11298824
@typeberry/jam@0.5.6,2026-02-07T10:13:57.903Z,1000,6065771298,6065771,5684195,4289353,25537892,21248539,1573654.4912510198,2476388457834.506,4454892,4621289,4793611,5085948,5684195,6589740,7750080,8327189,10383078
@typeberry/jam@0.5.6,2026-02-07T14:12:56.441Z,1000,6231180935,6231180,5600618,4363038,22823447,18460409,1815226.3462733862,3295046688205.027,4533494,4653822,4739631,5038389,5600618,7047934,8396501,9269519,11005562
@typeberry/jam@0.5.6,2026-02-07T22:07:57.443Z,1000,5992924246,5992924,5607094,4294047,24142980,19848933,1502717.5216490757,2258159949871.14,4501093,4692981,4809072,5077732,5607094,6445805,7609265,8414558,10185431
@typeberry/jam@0.5.6,2026-02-08T10:19:29.102Z,1000,6053652409,6053652,5656596,4205153,21292001,17086848,1525162.5050642297,2326120666853.797,4458627,4700164,4801016,5075734,5656596,6608957,7753150,8547194,10574214
@typeberry/jam@0.5.6,2026-02-08T10:57:22.945Z,1000,6061757866,6061757,5334956,4271054,19794457,15523403,1684464.9854582825,2837422287234.972,4447105,4588333,4675242,4934933,5334956,6940200,8220776,8925858,11591596
@typeberry/jam@0.5.6,2026-02-08T18:13:39.329Z,1000,5999106042,5999106,5577518,4289106,22750354,18461248,1535309.0589231446,2357173906411.472,4406484,4634462,4763347,5019118,5577518,6509287,7684379,8419584,10678640
@typeberry/jam@0.5.6,2026-02-09T06:35:39.446Z,1000,6033581350,6033581,5676603,4303648,21102553,16798905,1449865.3357311424,2102109491754.778,4480411,4663170,4763733,5036441,5676603,6633920,7876900,8401192,9810867
@typeberry/jam@0.5.6,2026-02-09T14:31:04.496Z,1000,6085140988,6085140,5703254,4304368,20533127,16228759,1489196.4203472717,2217705978375.128,4423717,4650068,4780953,5116989,5703254,6629346,7909447,8665956,10487599
@typeberry/jam@0.5.6,2026-02-09T22:20:54.581Z,1000,6037165121,6037165,5605300,4268809,23954645,19685836,1548213.9769457944,2396966518410.313,4460225,4647341,4777123,5090918,5605300,6597729,7684847,8390505,10981632
@typeberry/jam@0.5.6,2026-02-10T10:28:56.798Z,1000,6072090751,6072090,5651369,4316401,21644698,17328297,1588456.7008913858,2523194690606.745,4459412,4683086,4791570,5071884,5651369,6581468,7821926,8614366,11544933
@typeberry/jam@0.5.7,2026-02-10T14:36:24.771Z,1000,5980002594,5980002,5628691,4307967,22285540,17977573,1408649.2279620836,1984292647438.174,4409401,4681944,4766901,5048877,5628691,6467193,7618675,8333667,10034669
@typeberry/jam@0.5.7,2026-02-10T22:18:23.903Z,1000,6064868959,6064868,5593621,4247125,20246273,15999148,1546450.7313919836,2391509864622.801,4422666,4654917,4770967,5075853,5593621,6684000,7939230,8592301,10762203
@typeberry/jam@0.5.7,2026-02-11T10:25:29.707Z,1000,6027941475,6027941,5618235,4243702,23487674,19243972,1542975.7757079962,2380774244421.693,4467084,4689359,4826334,5060813,5618235,6519822,7747002,8570034,10674421
@typeberry/jam@0.5.7,2026-02-11T18:31:31.478Z,1000,6100712358,6100712,5672032,4285539,25434978,21149439,1586597.207966008,2517290700325.532,4459373,4668876,4782193,5054250,5672032,6639691,8014236,8691795,10549516
@typeberry/jam@0.5.7,2026-02-12T06:28:22.661Z,1000,6077805814,6077805,5677001,4310722,21663769,17353047,1536048.7369413185,2359445722259.02,4487678,4658059,4792793,5078718,5677001,6644291,7808320,8508651,10850741
@typeberry/jam@0.5.7,2026-02-12T14:30:41.632Z,1000,6009040439,6009040,5623312,4271680,21538205,17266525,1463422.3441608034,2141604957389.101,4444757,4649924,4747255,5012496,5623312,6601533,7774443,8418667,10183648
@typeberry/jam@0.5.7,2026-02-12T21:46:37.246Z,1000,6112469390,6112469,5712070,4281160,20900931,16619771,1499537.3642646067,2248612306825.644,4493683,4646953,4722073,5041900,5712070,6776069,7984162,8778733,10433467
@typeberry/jam@0.5.7,2026-02-13T06:32:44.388Z,1000,6052921854,6052921,5667120,4294847,20008744,15713897,1473904.8720734734,2172395571921.922,4434807,4665590,4780023,5114912,5667120,6608037,7690971,8473110,10727086
@typeberry/jam@0.5.7,2026-02-13T14:24:13.477Z,1000,6059540528,6059540,5658208,4289076,20804818,16515742,1435955.3217609273,2061967686093.528,4480985,4704235,4806599,5119828,5658208,6652317,7729559,8514114,9838402
@typeberry/jam@0.5.7,2026-02-13T22:16:30.393Z,1000,6018188332,6018188,5592052,4297746,21028191,16730445,1499244.6428277616,2247734499047.742,4451945,4630822,4744899,5034877,5592052,6521955,7912512,8810242,10454107
@typeberry/jam@0.5.7,2026-02-14T10:15:33.470Z,1000,6051002189,6051002,5629929,4321754,23158176,18836422,1545752.0565847282,2389349420435.917,4474858,4665367,4792795,5047209,5629929,6571983,7983413,8658255,10454435
@typeberry/jam@0.5.7,2026-02-14T14:13:38.199Z,1000,5998283430,5998283,5605263,4314560,22361444,18046884,1461057.7183041277,2134689656216.064,4526983,4660969,4771990,5083194,5605263,6535079,7659613,8443306,10358708
@typeberry/jam@0.5.7,2026-02-14T22:06:50.444Z,1000,5977047396,5977047,5582865,4287281,20891026,16603745,1453791.7300444008,2113510394345.492,4470739,4648976,4745960,5000326,5582865,6494214,7745176,8434080,10057053
@typeberry/jam@0.5.7,2026-02-15T10:11:48.659Z,1000,6020776921,6020776,5642255,4346759,22327596,17980837,1471870.9132778768,2166403985353.451,4459646,4654835,4755050,5069687,5642255,6565081,7733800,8427700,11007085
@typeberry/jam@0.5.7,2026-02-15T18:17:03.772Z,1000,5999247873,5999247,5622172,4267080,26327903,22060823,1564124.298485907,2446484821114.031,4415859,4628338,4758257,5058900,5622172,6495261,7715373,8410816,10854313
@typeberry/jam@0.5.7,2026-02-16T06:32:45.750Z,1000,5964020027,5964020,5577699,4169888,25362503,21192615,1568420.819869569,2459943868200.331,4431067,4643323,4725170,4992166,5577699,6501433,7565530,8394330,10354267
@typeberry/jam@0.5.7,2026-02-16T14:27:05.003Z,1000,6048157627,6048157,5617674,4263800,26730144,22466344,1568178.412816924,2459183534425.007,4483568,4656395,4770246,5085153,5617674,6544575,7826711,8582579,10262515
@typeberry/jam@0.5.7,2026-02-16T22:17:15.713Z,1000,5979615606,5979615,5570916,4308884,21003662,16694778,1440638.383512944,2075438952050.788,4460292,4622912,4749973,5032797,5570916,6533477,7730757,8516250,10387458
@typeberry/jam@0.5.7,2026-02-17T10:32:12.938Z,1000,6083170948,6083170,5664594,4307042,21339396,17032354,1568900.5528649616,2461448944779.982,4430040,4659457,4801317,5046871,5664594,6637945,7949498,8717853,10990620
@typeberry/jam@0.5.7,2026-02-17T18:32:02.454Z,1000,5915935540,5915935,5512140,4291696,21829158,17537462,1468433.3457596651,2156296490938.924,4397674,4622107,4704413,4947444,5512140,6446983,7611095,8500445,10062617
@typeberry/jam@0.5.7,2026-02-18T06:27:08.275Z,1000,6071458178,6071458,5630948,4378530,21552333,17173803,1547211.4558131173,2393863288999.346,4459575,4663426,4783455,5077035,5630948,6637886,7927741,8463231,10455625
@typeberry/jam@0.5.7,2026-02-18T14:26:07.235Z,1000,5971700608,5971700,5569648,4254790,21455825,17201035,1491198.4004405062,2223672669476.324,4431824,4628407,4757962,5046276,5569648,6532004,7548197,8209996,10687197
@typeberry/jam@0.5.7,2026-02-18T22:12:15.848Z,1000,5986826238,5986826,5681851,4284914,20597460,16312546,1443907.3856548197,2084868538348.536,4454758,4653623,4760708,5068458,5681851,6441320,7590033,8378361,10422472
@typeberry/jam@0.5.7,2026-02-19T10:23:19.758Z,1000,6153903815,6153903,5727945,4316262,30799310,26483048,1724624.883182676,2974330987692.859,4401324,4617628,4753740,5135393,5727945,6759760,7964106,8779680,11735758
