@typeberry/jam@0.1.2,2025-09-29T14:24:29.563Z,1000,201063212688,201063212,185401827,38089171,813782457,775693286,153702655.02164108,23624506160701610,42860690,45976512,47338117,52820967,185401827,286686714,414070298,435709199,780167700
@typeberry/jam@0.1.2,2025-09-29T22:00:38.064Z,1000,201950281041,201950281,188265092,36963336,798718613,761755277,153381702.11928222,23525946545008224,42652075,45664581,47966483,52982615,188265092,286568591,419273617,441349668,723226287
@typeberry/jam@0.1.2,2025-09-30T06:31:33.332Z,1000,201558021128,201558021,187364666,39052857,797091190,758038333,152706319.18642634,23319219919466720,42948633,45752317,47529092,53796457,187364666,288263562,414812710,436620244,689777707
@typeberry/jam@0.1.3,2025-09-30T14:26:36.941Z,1000,159460861974,159460861,113680978,36903030,834853517,797950487,140226857.00978103,19663571426841576,42621883,45926368,47712932,53382656,113680978,212382105,354420789,438353643,718127127
@typeberry/jam@0.1.3,2025-09-30T19:06:16.131Z,1000,160258244561,160258244,116537480,38037746,758513353,720475607,140360485.90451238,19701066003350816,42896235,45751971,47617492,52730753,116537480,213316554,350112787,436736093,720102801
@typeberry/jam@0.1.3,2025-09-30T22:19:02.700Z,1000,157385073450,157385073,113704624,39334785,726712640,687377855,135871932.33480686,18461181996394336,42200508,45919319,47656013,53505989,113704624,209381605,348278775,435993271,627959035
@typeberry/jam@0.1.3,2025-10-01T10:37:34.269Z,1000,159016313618,159016313,113341996,39457187,837218704,797761517,139772586.0242757,19536375803913548,42918488,45837566,47581055,53161108,113341996,210481670,345807959,435692048,719912226
@typeberry/jam@0.1.3,2025-10-01T18:29:30.012Z,1000,159021962003,159021962,115497904,39967624,1079890644,1039923020,138339027.9719251,19137686660217076,42515383,46179683,47965898,53589081,115497904,217428333,346955712,435013037,713590264
@typeberry/jam@0.1.3,2025-10-02T06:31:49.773Z,1000,158101071968,158101071,114707704,39745710,790625591,750879881,139243408.48741487,19388726807193076,43140456,45926066,47490623,52971604,114707704,211593991,343404695,436531845,716874762
@typeberry/jam@0.1.3,2025-10-02T12:22:21.838Z,1000,160686648110,160686648,117384009,41590061,730501397,688911336,138627351.44174355,19217542567752680,43516846,45853591,47810271,53700304,117384009,215246327,358556268,435017956,692321483
@typeberry/jam@0.1.3,2025-10-02T18:32:26.511Z,1000,156582499544,156582499,111595604,35240710,814161673,778920963,136277760.65799367,18571628049957412,42244681,45582346,47594083,53451798,111595604,214419048,338148319,438336607,710118964
@typeberry/jam@0.1.3,2025-10-03T06:18:27.166Z,1000,159906667781,159906667,116540201,38994967,802311623,763316656,137186900.52517807,18820245675705108,42503885,45778031,47502854,53657806,116540201,218546050,349812087,438619400,628141445
@typeberry/jam@0.1.3,2025-10-03T14:35:42.504Z,1000,149907970256,149907970,106313889,40049012,766907004,726857992,131623519.1740813,17324750799769746,42456813,45092672,46949694,52699873,106313889,196557289,312982943,435292782,676514040
@typeberry/jam@0.1.3,2025-10-03T22:21:34.670Z,1000,160462983948,160462983,119286068,40460908,785510283,745049375,139543440.73394686,19472371851868536,42384026,45689027,47634834,53177165,119286068,214264256,351086810,439188799,715827985
@typeberry/jam@0.1.3,2025-10-04T10:23:16.643Z,1000,160355907217,160355907,114504345,38395717,828911195,790515478,139497740.78539446,19459619684229108,42050947,45723523,47453866,53132203,114504345,213602181,351832357,437448984,719724586
@typeberry/jam@0.1.3,2025-10-04T18:35:00.648Z,1000,160759662487,160759662,116252740,41771008,800562796,758791788,138698602.6005851,19237302363355036,42928737,45742214,47850578,53096649,116252740,218343442,352982845,437489762,717309478
@typeberry/jam@0.1.3,2025-10-05T06:27:34.067Z,1000,163178233992,163178233,120360286,38317205,872967171,834649966,141220576.68869567,19943251280287772,41817063,45259929,47817902,54656415,120360286,218231408,356715691,435947799,724938755
@typeberry/jam@0.1.3,2025-10-05T14:35:27.923Z,1000,158960216347,158960216,114504859,38133660,763498299,725364639,138855904.67352554,19280962262703212,43193243,45877680,47649996,53057328,114504859,219156996,353570892,438512405,712903341
@typeberry/jam@0.1.3,2025-10-05T22:27:20.071Z,1000,157107882198,157107882,115653155,36990525,740740320,703749795,136606936.48105058,18661455094737788,42201357,45796241,47446436,53343373,115653155,209909047,340004500,439858322,716383502
@typeberry/jam@0.1.3,2025-10-06T07:22:24.919Z,1000,157851166303,157851166,112560812,37132209,984609009,947476800,138514092.93842936,19186153942555850,42437470,45770789,47771676,52970590,112560812,211526549,344072693,436272436,709932828
@typeberry/jam@0.1.3,2025-10-06T14:23:56.703Z,1000,157475382435,157475382,111528642,36887637,801750440,764862803,137480766.676177,18900961205869420,42549543,45651258,47451931,52744562,111528642,208721734,340195168,436896563,659456974
@typeberry/jam@0.1.3,2025-10-06T22:27:49.276Z,1000,158956710682,158956710,113915430,39306001,831477394,792171393,137911067.57523817,19019462559741910,42479025,46002443,47698136,54074101,113915430,216636583,348236478,436465988,716629685
@typeberry/jam@0.1.3,2025-10-07T10:27:14.897Z,1000,156666608299,156666608,111729974,40721846,841976736,801254890,137479310.2726126,18900560753033284,42875719,45769358,47574405,52325409,111729974,212185957,351612096,434471483,712405287
@typeberry/jam@0.1.3,2025-10-07T14:40:34.948Z,1000,145029655249,145029655,101459251,37781743,835208419,797426676,130105414.69904105,16927418934009448,42281951,45353116,47055121,52044806,101459251,186411104,293350957,435569296,662499713
@typeberry/jam@0.1.3,2025-10-07T22:39:02.897Z,1000,156965293071,156965293,112979683,40515260,878628410,838113150,137258704.05559784,18839951839022190,42660781,45990616,47453911,52948483,112979683,213116661,339200151,436806162,706827730
@typeberry/jam@0.1.3,2025-10-08T10:22:45.458Z,1000,158923621401,158923621,112441459,36675633,768344698,731669065,139055554.1071041,19336447128033750,42549255,45778597,47866304,53494252,112441459,212196757,345294914,436957780,714809501
@typeberry/jam@0.1.3,2025-10-08T18:35:38.169Z,1000,159109704739,159109704,113184661,38386544,918000004,879613460,137949293.48048586,19030007571765216,42767692,45714881,47842697,54097227,113184661,217597015,345987142,441876469,719443547
@typeberry/jam@0.1.3,2025-10-09T06:19:49.622Z,1000,156025456440,156025456,110476407,40046322,723871786,683825464,135662726.01925415,18404375230975220,42417387,45561063,47349789,53304871,110476407,209560668,348869014,433901922,707827151
@typeberry/jam@0.1.3,2025-10-09T12:06:18.082Z,1000,157781682669,157781682,114523155,39892793,765943781,726050988,137861819.60494876,19005881304787430,42482896,45838573,48122357,53583101,114523155,212175585,341559729,441119656,718365293
@typeberry/jam@0.1.3,2025-10-09T18:28:49.712Z,1000,163281500546,163281500,119768076,39882510,798336771,758454261,142499899.82579225,20306221450360828,42577061,45932036,47888648,53307022,119768076,220092415,365439819,439031308,733203430
@typeberry/jam@0.1.3,2025-10-09T22:37:59.712Z,1000,159291506417,159291506,115758843,39456250,853587310,814131060,137273740.15861902,18844079737136052,42600126,45926781,47786091,54042655,115758843,217883927,350067060,436976506,697621492
@typeberry/jam@0.1.3,2025-10-10T10:37:05.851Z,1000,166193051094,166193051,120794925,40288355,947084969,906796614,146388767.00686437,21429671105790024,42770571,45751064,47609113,53436753,120794925,229942594,364705377,443114069,736799812
@typeberry/jam@0.1.3,2025-10-10T14:41:42.166Z,1000,161539006790,161539006,118175620,37757749,907699799,869942050,139306774.14966872,19406377323986812,42770454,45969612,48348698,54635214,118175620,216861507,344831389,439572765,713460571
@typeberry/jam@0.1.3,2025-10-10T22:23:52.246Z,1000,162348035111,162348035,120016852,39152495,730576951,691424456,138749348.62546512,19251381743990860,42377007,45835969,48215706,53734547,120016852,223865400,366017252,438277796,632457715
@typeberry/jam@0.1.3,2025-10-11T10:35:02.142Z,1000,164663892912,164663892,120196255,40406320,818764777,778358457,142203687.88332692,20221888847618660,42651330,45883325,47277104,53292321,120196255,226850476,360192832,468800840,719837120
@typeberry/jam@0.1.3,2025-10-11T14:30:10.421Z,1000,164212844272,164212844,119573379,40170791,860029257,819858466,141966779.22708,20154566404110470,42542560,46308651,48173858,54117605,119573379,222595719,349810010,441169063,719342501
@typeberry/jam@0.1.3,2025-10-11T22:12:01.127Z,1000,159370310692,159370310,118462746,38528400,813504274,774975874,136954592.53360778,18756560416046540,42407515,45526828,47507478,53167931,118462746,220955667,347666781,433781988,624059951
@typeberry/jam@0.1.3,2025-10-12T10:22:49.626Z,1000,161755480614,161755480,116030341,39832354,867449497,827617143,140433646.8681581,19721609172690532,42843737,46012056,47713336,53294572,116030341,219310502,353082628,438572965,715143444
@typeberry/jam@0.1.3,2025-10-12T18:40:46.521Z,1000,164281006107,164281006,120942477,37809697,821876849,784067152,139123663.5175207,19355393750536320,42852734,46031143,48218755,54513460,120942477,223286060,351212922,448578608,713424897
@typeberry/jam@0.1.3,2025-10-13T06:34:02.070Z,1000,158104183727,158104183,111111060,39371282,809174328,769803046,139652646.71629795,19502861734867130,42547606,45993084,47843831,52958169,111111060,206438687,341576529,436981379,711932303
@typeberry/jam@0.2.0,2025-10-13T10:38:33.919Z,1000,1081439542,1081439,830685,522582,45657045,45134463,2129132.3508426296,4533204567404.662,595958,646820,670253,730477,830685,980769,1139717,1276047,6316774
@typeberry/jam@0.2.0,2025-10-13T14:22:55.520Z,1000,119125511958,119125511,95357089,36010423,513620107,477609684,84412886.06379676,7125535333619532,39800341,43360533,45712794,50010967,95357089,144170636,231444688,288819733,493411695
@typeberry/jam@0.2.0,2025-10-13T18:16:13.710Z,1000,124646841923,124646841,98756930,38428381,653611447,615183066,90529438.84006289,8195579296696686,41472703,43792007,45734570,50700424,98756930,151458193,242362561,295348492,513029119
@typeberry/jam@0.2.0,2025-10-14T06:27:49.048Z,1000,123891348496,123891348,97795453,34885149,529706798,494821649,87174754.2843811,7599437784542223,41028339,43845949,45905383,51498062,97795453,156376783,239486469,295480673,502811919
@typeberry/jam@0.2.0,2025-10-14T14:30:42.661Z,1000,126582022979,126582022,102195903,36578163,533093258,496515095,90390917.79058477,8170518019024254,40658651,44011203,45615265,51154918,102195903,151416646,250639063,301639394,503494969
@typeberry/jam@0.2.0,2025-10-14T22:25:46.903Z,1000,125783201256,125783201,102163015,36030861,605981070,569950209,88813119.62050503,7887770216726136,39310618,43329019,46040959,51435510,102163015,156155789,254121369,288512746,494065888
@typeberry/jam@0.2.0,2025-10-21T10:55:34.219Z,1000,107991053238,107991053,88781159,36354484,442672647,406318163,70308111.38922991,4943230527120360,39089188,42760278,44818542,49398200,88781159,130139058,206415274,249653280,314767287
@typeberry/jam@0.2.0,2025-10-21T18:18:02.440Z,1000,120179756439,120179756,96075618,37382816,665592162,628209346,88164843.57370065,7773039642375106,40055899,43133835,45919136,50375113,96075618,145152472,236391517,290601206,500811919
@typeberry/jam@0.2.0,2025-10-22T06:10:36.061Z,1000,105785310033,105785310,88212762,35889492,432111174,396221682,67730090.66061847,4587365180895598,38330038,42297519,44988450,49109284,88212762,127186926,201421369,239596339,319065986
@typeberry/jam@0.2.0,2025-10-22T14:27:27.300Z,1000,118010462687,118010462,95046381,38733921,528933044,490199123,82114769.22270003,6742835324497284,40231481,43607957,45719585,49914266,95046381,145112976,231887663,284415423,367484332
@typeberry/jam@0.2.0,2025-10-22T22:26:38.937Z,1000,106354173605,106354173,88653230,36115476,430949526,394834050,67827372.40595765,4600552447496465,38602452,42479273,45229153,49177495,88653230,128607448,201539942,242466690,324902027
@typeberry/jam@0.2.0,2025-10-23T10:26:28.855Z,1000,106875404501,106875404,88389547,34009290,497897564,463888274,69618948.67883798,4846798015146677,39542083,42536035,44706938,49244698,88389547,129782267,204415920,246966134,361804274
@typeberry/jam@0.2.0,2025-10-23T18:31:17.715Z,1000,106541470274,106541470,88239376,34555633,431277733,396722100,68186297.71085604,4649371195513490,39207262,42904920,45295605,49326918,88239376,129416109,202308770,245489662,316957729
@typeberry/jam@0.2.0,2025-10-24T06:13:03.950Z,1000,106364066316,106364066,88726277,36437524,426906020,390468496,67636089.48834798,4574640601275816,39247252,42833403,44981931,49369429,88726277,128215259,196808672,242061308,331902297
@typeberry/jam@0.2.0,2025-10-24T14:14:25.882Z,1000,117856485417,117856485,92918642,36912626,526538563,489625937,84330309.1708252,7111601044846965,39703217,42777869,45189882,49080884,92918642,139769105,242186580,291809238,385086606
@typeberry/jam@0.2.0,2025-10-24T22:22:19.695Z,1000,121952830287,121952830,98217538,37614880,535558418,497943538,86076505.75136296,7409164842364421,39709192,43629714,45583330,49995996,98217538,148773668,237720784,294783305,390860266
@typeberry/jam@0.2.0,2025-10-25T10:23:46.102Z,1000,122326995672,122326995,99757658,37054187,526239746,489185559,85632897.63558528,7332993157466627,40072700,43679457,45933334,50028527,99757658,148767605,238821386,292784041,498390510
@typeberry/jam@0.2.0,2025-10-25T18:39:25.182Z,1000,124863901111,124863901,101783549,36153678,574771411,538617733,85234690.76972044,7264952510609865,39951107,43793994,46257389,50662390,101783549,152611123,248357879,289366409,425927652
@typeberry/jam@0.2.0,2025-10-26T06:30:06.495Z,1000,129101205253,129101205,107330053,39165186,540292926,501127740,87777314.96430323,7704857022342490,40635342,44470767,46322708,51607583,107330053,163146720,258406267,299117574,413694875
@typeberry/jam@0.2.0,2025-10-26T14:34:22.870Z,1000,126015944354,126015944,104466441,36404563,591234224,554829661,86317123.58905503,7450645824688201,38965932,43273853,46017944,51388056,104466441,160124609,245021838,290925415,459116126
@typeberry/jam@0.2.0,2025-10-26T22:19:04.983Z,1000,124101774646,124101774,101563007,36369612,531076201,494706589,84988907.46145351,7223114391491509,39911768,43553724,46047522,50782479,101563007,153653363,240601063,290915933,374969351
@typeberry/jam@0.2.0,2025-10-27T10:20:46.850Z,1000,118815741009,118815741,95838705,37114819,523982213,486867394,83276670.2767954,6935003812390100,40204107,43437339,45630699,49782951,95838705,145252619,234741410,289727169,376008084
@typeberry/jam@0.2.0,2025-10-27T18:20:47.171Z,1000,119633971974,119633971,95873528,37558234,523080611,485522377,83735975.64384702,7011713617026941,39713325,43193189,45523087,49903372,95873528,149001192,236550542,289433700,383143638
@typeberry/jam@0.2.0,2025-10-28T06:21:22.897Z,1000,106829093158,106829093,87620642,36066022,446932860,410866838,69223615.58367735,4791908954476737,39638349,42818029,44819107,48892802,87620642,128914266,205482025,245333333,308896209
@typeberry/jam@0.2.0,2025-10-28T14:26:14.912Z,1000,106014468462,106014468,88962804,36192102,430620605,394428503,67545014.43093386,4562328974475063,38282187,42953900,44774176,49321043,88962804,127733116,201424734,241194346,313678093
@typeberry/jam@0.2.0,2025-10-28T22:17:00.727Z,1000,120720525633,120720525,96895943,36863187,518960688,482097501,83689587.20655492,7003947006803561,39773456,43649420,45705280,50230875,96895943,149311674,235201920,285835610,442932298
@typeberry/jam@0.2.0,2025-10-29T10:12:24.777Z,1000,108975330109,108975330,88761327,37812801,460709966,422897165,71756379.4005079,5148977984669634,39815562,42473566,44917691,48956389,88761327,132554697,206725507,251161006,365309729
@typeberry/jam@0.2.0,2025-10-29T18:31:42.920Z,1000,123106974239,123106974,99134812,36920376,595458139,558537763,85865491.95350263,7372882708417024,40429655,44245729,45877840,50223117,99134812,149630201,243681581,291390831,442420869
@typeberry/jam@0.2.0,2025-10-30T06:11:50.083Z,1000,119836854476,119836854,97239354,36202656,522002147,485799491,84277118.59788719,7102632719162342,38652533,43634551,45629810,49589848,97239354,146497644,237436746,292216810,376168431
@typeberry/jam@0.2.0,2025-10-30T14:38:49.528Z,1000,107247119555,107247119,88227790,37996405,445831190,407834785,69837429.59655689,4877266572654040,39693089,42629026,44580100,48971049,88227790,129735403,202394763,244488630,411872586
@typeberry/jam@0.2.0,2025-10-30T22:28:30.570Z,1000,109842623211,109842623,90296638,36130870,518205834,482074964,70799304.99703094,5012541588062611,39680826,42723514,45200218,49424178,90296638,134115330,205337163,245394451,368507923
@typeberry/jam@0.2.0,2025-10-31T10:21:00.142Z,1000,120992246447,120992246,97143983,36405489,580636801,544231312,84624770.57931343,7161351795601431,40153282,43953427,45857254,50192309,97143983,147315039,235830147,289640147,428662546
@typeberry/jam@0.2.0,2025-10-31T19:17:01.727Z,1000,119636700564,119636700,97723415,36784342,534865145,498080803,84726096.11589745,7178511363040292,40062947,44145716,46144695,49730484,97723415,146013256,239996675,292574900,390075226
@typeberry/jam@0.2.0,2025-11-01T06:26:19.823Z,1000,110432059374,110432059,92685499,36539770,461267179,424727409,69896646.29355998,4885541163087033,39427264,42965051,45212501,50253795,92685499,138941678,204959834,252505078,407879527
@typeberry/jam@0.2.0,2025-11-01T15:16:26.046Z,1000,119076834247,119076834,96920678,35774979,518270660,482495681,83097731.47611952,6905232976477265,38656347,43245979,45653681,49477511,96920678,143695955,232481730,286172276,384790635
@typeberry/jam@0.2.0,2025-11-01T22:31:51.082Z,1000,118633345826,118633345,95844804,36557203,520593766,484036563,83224959.65739907,6926393909975703,40228431,43311560,45567327,49590576,95844804,145056210,234168027,287973985,388310245
@typeberry/jam@0.2.0,2025-11-02T10:41:10.711Z,1000,106804732835,106804732,88541205,37121426,472634107,435512681,69316532.70562361,4804781706329788,39338071,42390408,44744222,48900002,88541205,128829935,199834099,241181460,407112502
@typeberry/jam@0.2.0,2025-11-02T18:56:33.149Z,1000,109851922072,109851922,88594699,35781725,517475337,481693612,72758489.4818903,5293797791686342,39313565,42666669,45036610,49063446,88594699,134091128,209453603,251664780,377005915
@typeberry/jam@0.2.0,2025-11-03T06:59:32.359Z,1000,105357821891,105357821,87886725,36089638,443689939,407600301,67357383.85659644,4537017160004878,39098409,42551932,44748157,49263602,87886725,126382316,198082701,240706318,333621276
@typeberry/jam@0.2.0,2025-11-03T14:55:54.843Z,1000,117646720480,117646720,96225525,34323751,516080115,481756364,82184120.33323717,6754229634948008,40590643,43533121,45549400,49566611,96225525,142586189,231652640,283862877,365610537
@typeberry/jam@0.2.0,2025-11-03T21:56:08.474Z,1000,107656832593,107656832,88943303,33611695,445674444,412062749,70179992.9297947,4925231407626033,38783101,42847944,44713306,49165090,88943303,129213217,202612772,247378419,335363089
@typeberry/jam@0.2.0,2025-11-04T06:24:52.946Z,1000,107091481833,107091481,88251631,36368443,447543144,411174701,69135421.27586558,4779706474991408,38761510,42537370,44785318,49401885,88251631,129784195,200942178,244223244,321119415
@typeberry/jam@0.2.0,2025-11-04T14:27:21.898Z,1000,136800633766,136800633,113625162,43328977,556598236,513269259,85258002.94921453,7268927066888275,52787745,58654065,61503831,67655763,113625162,166132654,254075810,308492244,523568825
@typeberry/jam@0.2.0,2025-11-04T23:34:29.909Z,1000,122896672190,122896672,106819043,46921751,503950764,457029013,68361748.59604234,4673328671108496,52161598,58519604,61568564,67419884,106819043,143963486,214224913,259329279,329129294
@typeberry/jam@0.2.0,2025-11-05T07:14:26.139Z,1000,122040135711,122040135,103125679,45242876,430455532,385212656,67361549.63545156,4537578369289403,52779665,59442854,62068146,68181009,103125679,143082747,218360731,255797121,380070657
@typeberry/jam@0.2.0,2025-11-05T14:36:04.196Z,1000,122955640238,122955640,103213968,50046770,513695560,463648790,69861127.96839221,4880577201016071,53007297,58736055,61485753,67109641,103213968,146321364,222243113,256099032,424206723
@typeberry/jam@0.2.0,2025-11-05T22:47:11.975Z,1000,122679588521,122679588,105036265,45231413,458951476,413720063,68534321.54951014,4696953230251649,52070772,58968223,61515809,67059070,105036265,144873808,219355923,259338059,422659079
@typeberry/jam@0.2.0,2025-11-06T10:32:29.094Z,1000,124052095163,124052095,103766731,49038284,595858001,546819717,72303007.44597434,5227724885732620,53405772,59567390,62055350,67442070,103766731,145157079,221301495,259234856,424587716
@typeberry/jam@0.2.0,2025-11-06T18:39:20.278Z,1000,145132858613,145132858,113830551,42414469,765885949,723471480,98514714.36681965,9705148946776062,54081343,59927632,62449182,69057880,113830551,166871188,292406196,344533574,509449611
@typeberry/jam@0.2.0,2025-11-07T06:55:15.406Z,1000,137509142474,137509142,112631707,50943755,517765312,466821557,85024010.95209032,7229082438381176,54913086,60197270,62476984,67725425,112631707,164214822,261963856,310824375,423530580
@typeberry/jam@0.2.0,2025-11-07T14:37:00.851Z,1000,128336737545,128336737,105062591,50057326,570279549,520222223,77830709.16045024,6057619288418591,53912556,59447345,61647935,67889495,105062591,148496112,240805949,291475556,430588040
@typeberry/jam@0.2.0,2025-11-07T23:25:49.129Z,1000,136972410088,136972410,113311583,42827411,528621988,485794577,83627833.56902243,6993614547448115,53451342,60741846,62939022,68255927,113311583,162167744,259192953,307335219,395923937
@typeberry/jam@0.2.0,2025-11-08T10:52:22.852Z,1000,124290335530,124290335,103983595,43217035,1210130627,1166913592,76953755.72468041,5921880520133782,53487986,58969020,61517580,67123865,103983595,144601625,221693581,259754547,422634148
@typeberry/jam@0.2.0,2025-11-08T19:23:53.340Z,1000,126648432881,126648432,104101419,47442438,1173258609,1125816171,80108361.23973243,6417349540515465,52991998,59416643,61985284,67473233,104101419,146458878,227793038,264581211,434713421
@typeberry/jam@0.2.0,2025-11-09T07:03:06.447Z,1000,127968490025,127968490,104712629,48950298,738648573,689698275,77779896.56319638,6049712309381527,53029376,58900764,61111325,67171063,104712629,150820007,239942276,276643859,437033025
@typeberry/jam@0.2.0,2025-11-09T14:14:46.057Z,1000,149159858438,149159858,113845738,47095894,676180862,629084968,102801496.20215659,10568147621402016,53202580,59749449,62243674,68824510,113845738,182680066,316658381,372327972,460730244
@typeberry/jam@0.2.0,2025-11-09T22:30:11.546Z,1000,147529341912,147529341,118304992,48997069,587311790,538314721,97567099.84395777,9519338971960824,53722793,60506706,62629864,69391380,118304992,172079956,299499566,352453174,503732314
@typeberry/jam@0.2.0,2025-11-10T10:41:58.742Z,1000,135241228587,135241228,111660947,48011426,536733159,488721733,83264958.06636593,6933053241793676,54536082,59885374,62116234,67594741,111660947,161130602,257575550,304280428,385904127
@typeberry/jam@0.2.0,2025-11-10T18:31:40.056Z,1000,135916300248,135916300,112607155,47426232,536579551,489153319,83437240.9028948,6961773169487700,55202851,60216838,62472799,67575563,112607155,162990144,258378785,307509701,386518721
@typeberry/jam@0.3.0,2025-11-10T22:51:26.931Z,1000,91973811349,91973811,68822656,15553165,496107242,480554077,82217228.95027997,6759672736262755,16448933,17279142,18276173,23170070,68822656,120782030,200652887,262302632,328994575
@typeberry/jam@0.3.1,2025-11-11T11:17:02.741Z,1000,93642218592,93642218,69338783,15033252,490702980,475669728,83664246.0227964,6999706062563005,16564301,17437220,18547430,23314301,69338783,124946430,204031191,266768135,337738632
@typeberry/jam@0.3.1,2025-11-11T15:02:56.607Z,1000,92445112122,92445112,69629738,14769999,488003752,473233753,82408365.89069718,6791138768775023,16203402,17295104,18428705,23282094,69629738,121444227,201063523,263115869,332112390
@typeberry/jam@0.4.0,2025-11-11T19:00:02.599Z,1000,32802998508,32802998,32641582,14453059,81732819,67279760,11981489.664219344,143556094573794.97,16126340,17246302,17970672,22236050,32641582,39326730,48110338,54146913,71703289
@typeberry/jam@0.4.0,2025-11-12T06:23:00.062Z,1000,32502373501,32502373,32278425,14704732,82591845,67887113,11968652.31754534,143248638298283.4,16097741,16953642,17644783,21911435,32278425,39373893,47334112,53234414,72391389
@typeberry/jam@0.4.0,2025-11-12T11:15:22.893Z,1000,32633135323,32633135,32274451,15549220,81265921,65716701,12009465.893416973,144227271045145.53,16183647,17061635,17859232,21889255,32274451,39625986,47238492,54932511,72825101
@typeberry/jam@0.4.0,2025-11-12T14:58:15.602Z,1000,32564674108,32564674,32848264,15621725,82184233,66562508,11947878.74130963,142751806417038.56,16149101,16891343,17744507,21578041,32848264,39275927,47054628,54189232,71381874
@typeberry/jam@0.5.1,2026-01-05T22:31:39.833Z,1000,28413529922,28413529,28232583,12833828,67782094,54948266,10201209.122482413,104064667560618.42,13589372,14865142,15482688,19293572,28232583,35467658,41696179,46311514,55183841
@typeberry/jam@0.5.1,2026-01-10T10:14:33.252Z,1000,28392566852,28392566,28234808,12548774,66963704,54414930,10338977.38260539,106894453318025.83,13872432,14743351,15479031,19098536,28234808,35220327,42356800,46305891,55480119
@typeberry/jam@0.5.1,2026-01-10T14:09:14.159Z,1000,28434030458,28434030,28088745,12917809,78113432,65195623,10321559.05882281,106534581404767.22,13666224,14816231,15731569,19328193,28088745,35550616,42641902,45607028,55519591
@typeberry/jam@0.5.1,2026-01-10T22:08:48.978Z,1000,28671377669,28671377,28723703,12629110,69009059,56379949,10233826.405203428,104731202891838.94,13442765,14847156,15606595,19648491,28723703,35710286,41860135,45609356,55711467
@typeberry/jam@0.5.2,2026-01-15T14:15:04.806Z,1000,26364085358,26364085,25735307,11020127,66345660,55325533,10071606.877923157,101437265103429.03,11801473,12549606,13332127,16986012,25735307,33522807,39769047,43915962,50875432
@typeberry/jam@0.5.2,2026-01-15T22:11:20.509Z,1000,26102041469,26102041,26001310,11254917,74344153,63089236,10106353.861701593,102138388377930.7,11922593,12515745,13251490,16751396,26001310,32403331,39296132,44003019,50304177
@typeberry/jam@0.5.2,2026-01-16T10:11:04.041Z,1000,26241108808,26241108,26050214,10906900,65957721,55050821,9900777.04519339,98025386098628.38,11840375,12476687,13266092,17021346,26050214,33126176,39603483,43491431,49268180
@typeberry/jam@0.5.2,2026-01-20T14:16:49.314Z,1000,26232070054,26232070,26053865,11316773,67076237,55759464,10068391.594266571,101372509295497.75,11782445,12544477,13351645,16405367,26053865,33199856,39613194,43804350,50284525
@typeberry/jam@0.5.2,2026-01-20T22:09:09.236Z,1000,26397939238,26397939,25619442,11250078,69505193,58255115,9943217.88459675,98867581900564.67,11728713,12576094,13647790,17342701,25619442,33292977,39893333,43268499,50793773
@typeberry/jam@0.5.3,2026-01-22T10:13:22.363Z,1000,20934967377,20934967,20775855,6872057,64723037,57850980,9784370.887055844,95733913655465.97,7248405,7809940,8604831,11801273,20775855,27531374,33723264,38112044,47952021
@typeberry/jam@0.5.3,2026-01-22T12:00:22.899Z,1000,21150362516,21150362,21265757,6426281,63438070,57011789,9857868.149671495,97177564456307.69,7096795,7875777,8447388,11848778,21265757,28040435,34041259,38262825,44529700
@typeberry/jam@0.5.3,2026-01-22T18:16:34.200Z,1000,21206970250,21206970,20788729,6202224,68442100,62239876,9984444.982313298,99689141604841.2,7159288,7951874,8693429,12169299,20788729,27595087,34436483,39315794,46699819
@typeberry/jam@0.5.3,2026-01-23T06:10:21.050Z,1000,21159757199,21159757,21036707,6423619,58467371,52043752,9705758.750803193,94201752928792.75,6974773,7930865,8909831,12211584,21036707,27546121,33690073,37745858,46770863
@typeberry/jam@0.5.3,2026-01-23T11:30:47.936Z,1000,21049403159,21049403,20770252,6468991,71561508,65092517,9760538.034195373,95268102716974.48,7040101,8028425,8893615,12185353,20770252,27657085,33601439,38793625,46180656
@typeberry/jam@0.5.3,2026-01-23T18:10:56.001Z,1000,21113294096,21113294,20982038,6556400,70728189,64171789,9810729.498555878,96250413293834.48,7101434,7890170,8636943,11746803,20982038,27539661,34189482,37863432,45183760
@typeberry/jam@0.5.3,2026-01-24T06:07:16.511Z,1000,21123261551,21123261,21061259,6167083,78968390,72801307,10080453.917734494,101615551187568.7,7118847,7891604,8533982,11800791,21061259,27596333,34198940,38445949,46715570
@typeberry/jam@0.5.3,2026-01-24T14:15:16.780Z,1000,21327694462,21327694,21083350,6638965,62426711,55787746,9818807.530038157,96408981311934.03,7108480,7874891,8587970,12402458,21083350,28003176,33756231,38180472,47500820
@typeberry/jam@0.5.3,2026-01-24T22:10:28.906Z,1000,20799607715,20799607,20479687,6745170,70704094,63958924,9726725.496067379,94609188875847.2,7194920,7854246,8740051,11978926,20479687,27114421,32885226,36845299,46805916
@typeberry/jam@0.5.3,2026-01-25T10:11:53.232Z,1000,20967853729,20967853,20948652,6488953,59438731,52949778,9751754.876847377,95096723178116.6,7148758,7754849,8437602,11862977,20948652,27541321,33634965,37655733,45093107
@typeberry/jam@0.5.3,2026-01-25T17:08:14.001Z,1000,21117467195,21117467,20633686,6171846,68968940,62797094,9799830.46861142,96036677213524.72,7130541,7908259,8633363,11934154,20633686,27388785,33747986,38337015,45395022
@typeberry/jam@0.5.3,2026-01-25T22:06:23.687Z,1000,21040647542,21040647,20751780,6376720,59772243,53395523,9778621.172907779,95621432043240.3,7091352,7858404,8473999,12131401,20751780,27724067,33722622,38102384,45409269
@typeberry/jam@0.5.3,2026-01-26T10:12:24.115Z,1000,21302075262,21302075,21333589,6627119,63610188,56983069,9902473.369340241,98058978830492.66,7179819,7849114,8613335,12259195,21333589,27752340,34293096,39559841,45469092
@typeberry/jam@0.5.3,2026-01-26T14:15:10.849Z,1000,21126313500,21126313,21102554,6572571,88532630,81960059,9915960.924336625,98326281052970.86,7121761,7914915,8652882,11891561,21102554,27537650,33483173,37548923,46301688
@typeberry/jam@0.5.3,2026-01-26T22:13:17.365Z,1000,21238880133,21238880,20669883,6451580,69007387,62555807,10101998.493396245,102050373560580,7137774,7678360,8510554,11944823,20669883,27627698,34547530,39507639,47237338
@typeberry/jam@0.5.3,2026-01-27T10:23:22.176Z,1000,20999193082,20999193,20542892,6440878,68869853,62428975,9733069.17187063,94732635504418.42,7130476,7823707,8529719,11866032,20542892,27861369,33593368,37681014,44767331
@typeberry/jam@0.5.3,2026-01-28T10:31:25.647Z,1000,22942590895,22942590,21863700,6629305,67854510,61225205,11341203.355261471,128622893545394.03,7320399,8129563,9075385,13079666,21863700,30167763,38273849,44214160,53024351
@typeberry/jam@0.5.3,2026-01-28T10:48:25.849Z,1000,20858969707,20858969,20718772,6730254,68396784,61666530,9657206.625712393,93261639811703.34,7047007,7707250,8487277,11784286,20718772,27550151,33677402,37148969,44992664
@typeberry/jam@0.5.3,2026-01-28T14:20:50.005Z,1000,21000720166,21000720,20800328,6776022,62135055,55359033,9806567.459352942,96168765334840.03,7146946,7814277,8523919,12024640,20800328,27538625,34082163,38886583,44902981
@typeberry/jam@0.5.3,2026-01-28T22:13:22.411Z,1000,21043183298,21043183,20843981,6512027,68917161,62405134,9586175.26435224,91894756198878.73,7138216,7935704,8658755,12174326,20843981,27667086,33901144,37210249,43763034
@typeberry/jam@0.5.3,2026-01-29T10:21:16.567Z,1000,21190792358,21190792,20999708,6616569,64115086,57498517,9912820.588288624,98264012015598.81,7123341,7774966,8546707,12166589,20999708,27465631,34478670,38878066,46144468
@typeberry/jam@0.5.3,2026-01-29T18:16:56.235Z,1000,21112121768,21112121,21128200,7051293,70436106,63384813,9792900.77936713,95900905674529.36,7242766,7830828,8433871,12477795,21128200,27631744,33981353,38142305,46724175
@typeberry/jam@0.5.3,2026-01-30T06:17:37.488Z,1000,24842125377,24842125,23492595,6433843,90882846,84449003,13087267.282016983,171276564910952.2,7310867,8016324,9459553,14188648,23492595,32528539,41717248,48040170,64990306
@typeberry/jam@0.5.4,2026-01-30T14:21:30.905Z,1000,21059839088,21059839,20977207,6579222,77101595,70522373,9827059.187605755,96571092276706.69,7096166,7861233,8548135,12171383,20977207,27464864,33639966,37497224,46205061
@typeberry/jam@0.5.4,2026-01-30T22:07:02.416Z,1000,21441161085,21441161,21213523,6778952,63787362,57008410,10106623.57286908,102143840043672.94,7234458,7956462,8742397,12025307,21213523,27927049,34368152,38756320,47217276
@typeberry/jam@0.5.4,2026-01-31T09:46:10.089Z,1000,26104528460,26104528,24020777,6649753,87210701,80560948,13712972.400784662,188045612064681.88,7548913,8552282,10030536,15328780,24020777,33758170,43106133,52587463,66378370
@typeberry/jam@0.5.4,2026-01-31T14:15:30.461Z,1000,21295560290,21295560,20933220,6431677,58152814,51721137,9954101.578664536,99084138238371.81,7078083,7926495,8699770,12155320,20933220,28098711,34502776,38643693,46937183
@typeberry/jam@0.5.4,2026-01-31T22:11:07.974Z,1000,20965646880,20965646,20754423,6361399,67835527,61474128,9677032.219801223,93644952583070.97,7138344,7898140,8652450,12170185,20754423,27589135,33328951,37693879,46062724
@typeberry/jam@0.5.4,2026-02-01T10:13:40.972Z,1000,26961580327,26961580,24928705,6673621,95226207,88552586,15016076.593987165,225482556276489.2,7203232,8335805,10102641,14652015,24928705,35249074,47318711,56764441,73035104
@typeberry/jam@0.5.4,2026-02-01T18:13:39.188Z,1000,21223185258,21223185,21079641,6747257,68392434,61645177,10053350.333155386,101069852921155.5,7293726,7918577,8418979,11895586,21079641,28038372,34517376,38365927,46266849
@typeberry/jam@0.5.4,2026-02-03T12:11:39.105Z,1000,23648650594,23648650,22182541,6732683,122545025,115812342,12916015.167561099,166823447808668.34,7347057,8003875,8855587,13463929,22182541,30164345,39813830,45770959,63172413
@typeberry/jam@0.5.4,2026-02-03T12:44:22.177Z,1000,21004681125,21004681,20930057,6482879,63117339,56634460,9646591.057713196,93056719034752.19,7085591,7701155,8749269,11869452,20930057,27698789,33491508,37302667,45089177
@typeberry/jam@0.5.6,2026-02-07T09:36:31.087Z,1000,21011084405,21011084,20888690,6823925,73089138,66265213,9732574.34713349,94723003422480.86,7305431,8004064,8996343,11996099,20888690,27743640,33742955,37413828,45735917
@typeberry/jam@0.5.6,2026-02-07T09:54:14.956Z,1000,20978457430,20978457,21066478,6586723,62596010,56009287,9578577.083891945,91749138952059.92,7177717,8129499,8979137,11680448,21066478,27576490,33254352,37020309,45453550
@typeberry/jam@0.5.6,2026-02-07T10:15:40.617Z,1000,21013442928,21013442,21446329,6673033,66755049,60082016,9432136.52120931,88965199354730.47,7396653,8064786,8928162,12127059,21446329,27563113,33295475,36799429,43798282
@typeberry/jam@0.5.6,2026-02-07T14:18:00.859Z,1000,21107764146,21107764,21397008,6986577,70257977,63271400,9779914.580599867,95646729203829.88,7292343,8070333,8735132,11700618,21397008,27741219,33827420,36957773,46009799
@typeberry/jam@0.5.6,2026-02-07T22:15:03.827Z,1000,21055553431,21055553,21131924,6768704,62625475,55856771,9673054.63381441,93567985948758.42,7399331,8181614,9099832,11622236,21131924,27659336,34015101,37758584,46025979
@typeberry/jam@0.5.6,2026-02-08T10:18:05.750Z,1000,20988654143,20988654,21237516,6834936,64736481,57901545,9452616.070906676,89351950583963.17,7392278,8258541,9002892,11966443,21237516,27318636,33455850,37023714,44157904
@typeberry/jam@0.5.6,2026-02-08T10:59:07.890Z,1000,21511734417,21511734,21316465,6286576,66747614,60461038,10361161.637153748,107353670471226.56,7016145,7895757,8744446,12158104,21316465,27896494,35175773,39364840,49246755
@typeberry/jam@0.5.6,2026-02-08T18:20:19.833Z,1000,20987448860,20987448,21055185,6924507,72462938,65538431,9594314.280367093,92050866510455.92,7272717,7967596,8731412,11810678,21055185,27843068,33768883,36945925,43982989
@typeberry/jam@0.5.6,2026-02-09T06:34:11.426Z,1000,21313456949,21313456,21213286,6388671,69671379,63282708,9732809.676638974,94727584201677.25,7446368,8241924,9031709,12100103,21213286,28204195,33216188,37414144,46810807
@typeberry/jam@0.5.6,2026-02-09T14:39:48.157Z,1000,21019517486,21019517,20946141,6663058,59048343,52385285,9421923.682751657,88772645883596.55,7355592,8050265,8729048,12317839,20946141,27370447,33147510,37208318,44307665
@typeberry/jam@0.5.6,2026-02-09T22:17:47.433Z,1000,21250041463,21250041,21533294,6685192,60003167,53317975,9737494.25098808,94818794288025.89,7332522,8097624,9088766,11788297,21533294,27720852,34121703,38070633,46349094
@typeberry/jam@0.5.6,2026-02-10T10:27:27.642Z,1000,21073441418,21073441,20952376,6401006,64105043,57704037,9598303.296303779,92127426167835.98,7290676,7949447,8938045,11851570,20952376,27943043,33739373,37365276,44620731
@typeberry/jam@0.5.7,2026-02-10T14:43:35.790Z,1000,20911610879,20911610,21089240,6973893,63094791,56120898,9429679.588999286,88918857151189.77,7320921,7946532,8788815,11745394,21089240,27487575,33199696,37372031,44372259
@typeberry/jam@0.5.7,2026-02-10T22:20:10.655Z,1000,21006768618,21006768,21053228,6586636,54979026,48392390,9503125.406437906,90309392490485.6,7383002,8088633,8927825,11782644,21053228,27581174,33511147,37279251,44647010
@typeberry/jam@0.5.7,2026-02-11T10:34:08.389Z,1000,21089195486,21089195,21217672,6661040,75449642,68788602,9582522.58590897,91824739109455.52,7357968,7966945,8794959,12084683,21217672,27273490,33983886,37519880,44018071
@typeberry/jam@0.5.7,2026-02-11T18:33:16.321Z,1000,21189322257,21189322,21612542,6856248,60640344,53784096,9428884.310864596,88903859347668.53,7317951,8009711,9052727,12269199,21612542,27572172,33301428,36868422,46412901
@typeberry/jam@0.5.7,2026-02-12T06:35:14.304Z,1000,21203760051,21203760,21031961,6670968,72541793,65870825,9837948.357514666,96785227885125.53,7371722,8029939,8816685,11738972,21031961,27925673,34185996,37991167,44505812
@typeberry/jam@0.5.7,2026-02-12T14:32:45.997Z,1000,20981573203,20981573,20995006,6718279,70927993,64209714,9524714.086621348,90720178431883.14,7245490,8181417,9019452,11656316,20995006,27593862,33278403,37120095,43630462
@typeberry/jam@0.5.7,2026-02-12T21:56:39.107Z,1000,21057862872,21057862,21413257,6714281,65525546,58811265,9493508.002096364,90126694185867.7,7355003,8212555,8932193,11888036,21413257,27341583,33932769,37065458,44071332
@typeberry/jam@0.5.7,2026-02-13T06:25:50.603Z,1000,21149401811,21149401,21105305,6902603,62733304,55830701,9698548.792018829,94061848671169.88,7384543,8082028,8808181,11719448,21105305,27979238,33450733,38055862,45106601
@typeberry/jam@0.5.7,2026-02-13T14:26:01.385Z,1000,20899276689,20899276,21063669,6871356,69818922,62947566,9420688.37787043,88749369512942.97,7324206,7871961,8729547,11855451,21063669,27402734,33034500,36727714,44905168
@typeberry/jam@0.5.7,2026-02-13T22:14:59.267Z,1000,20884434772,20884434,20836620,6753195,64459653,57706458,9481668.994725838,89902046925545.28,7430454,7966632,8802194,12037325,20836620,27172856,32835484,36902710,46545291
@typeberry/jam@0.5.7,2026-02-14T10:20:58.265Z,1000,21309689667,21309689,21496009,6505651,70063876,63558225,9864345.300424684,97305308206010.56,7259655,8065891,8960264,11719351,21496009,28151021,34012000,38262374,46079077
@typeberry/jam@0.5.7,2026-02-14T14:20:47.202Z,1000,20943119397,20943119,20966616,6634713,61605554,54970841,9504547.912563039,90336431022206.4,7415338,8114035,8727998,12015982,20966616,27704981,33215476,36897878,45108532
@typeberry/jam@0.5.7,2026-02-14T22:14:18.004Z,1000,21139597516,21139597,21475601,6648050,71956061,65308011,9484711.451964818,89959751327032.56,7423315,8176594,9243031,11804855,21475601,27757616,33631713,37036420,44538970
@typeberry/jam@0.5.7,2026-02-15T10:17:11.576Z,1000,20972022249,20972022,21174256,6754126,68135059,61380933,9657032.570288893,93258278063620.5,7336334,8031179,8854234,11621896,21174256,27726494,33044507,37216809,44969297
@typeberry/jam@0.5.7,2026-02-15T18:20:28.777Z,1000,20929347265,20929347,20779725,6993080,60965142,53972062,9385788.28612352,88093021751933.47,7371976,8206737,8875470,11895580,20779725,27425871,32769497,36443941,44344503
@typeberry/jam@0.5.7,2026-02-16T06:29:10.599Z,1000,21044262601,21044262,21144853,6916930,61853248,54936318,9608944.891395563,92331821925876.89,7301074,7910656,8789135,11895878,21144853,27808459,33490632,37306176,45116028
@typeberry/jam@0.5.7,2026-02-16T14:34:11.775Z,1000,20945890245,20945890,21344394,6509130,68480945,61971815,9502549.52139355,90298447406536.81,7314501,7980340,8765670,11924591,21344394,27127244,33389103,36671529,43573560
@typeberry/jam@0.5.7,2026-02-16T22:08:49.325Z,1000,21047756449,21047756,21307145,6264338,66978114,60713776,9701980.634851793,94128428239039.19,7254816,8175929,8961475,11566737,21307145,27578189,33742061,37752155,46125417
@typeberry/jam@0.5.7,2026-02-17T10:25:20.104Z,1000,20955093944,20955093,21030409,6725712,67716911,60991199,9515512.079022681,90544970126026.55,7341810,8103805,8977351,11841229,21030409,27641902,33407449,36296199,44446324
@typeberry/jam@0.5.7,2026-02-17T18:30:14.737Z,1000,21062489861,21062489,21593280,6879475,67301570,60422095,9523331.366218396,90693840310799.12,7385934,8203194,8883897,11860316,21593280,27461727,33324204,37095726,45423195
@typeberry/jam@0.5.7,2026-02-18T06:25:38.945Z,1000,21239954938,21239954,21596354,6981201,63549667,56568466,9508127.987344116,90404497823716.45,7331282,8151861,9023845,12139196,21596354,27641303,33344511,37426413,45301337
@typeberry/jam@0.5.7,2026-02-18T14:35:09.627Z,1000,20933656903,20933656,20618605,6846283,59383502,52537219,9393984.58431548,88246946370356.89,7261893,8234687,9032018,11851624,20618605,27689280,32769836,36916831,44219663
@typeberry/jam@0.5.7,2026-02-18T22:14:03.288Z,1000,21076998608,21076998,21526426,6823846,70995689,64171843,9653760.414139643,93195090133609.61,7315290,8103034,8986732,11985745,21526426,27764009,32966997,36781007,44433706
@typeberry/jam@0.5.7,2026-02-19T10:27:04.869Z,1000,20924894421,20924894,21044355,6591955,69291732,62699777,9600416.109242382,92167989470600.64,7260760,8073435,8845167,11845425,21044355,27018019,33273531,37548018,44344119
